"","FP_Intercept","FP_ext_age_m_2","FP_ext_age_m_1"
"FP_Intercept",0.00848293076847522,0.362318173287452,-0.122809870023473
"FP_ext_age_m_2",0.362318173287452,17.5576799021765,-5.64264375704081
"FP_ext_age_m_1",-0.122809870023473,-5.64264375704081,1.86384860547506
