"","FP_Intercept","FP_int_age_m_2","FP_int_age_m_0_5"
"FP_Intercept",0.0222556217916208,0.300155361617754,-0.0809026381240657
"FP_int_age_m_2",0.300155361617754,4.56125237624899,-1.12881037527908
"FP_int_age_m_0_5",-0.0809026381240657,-1.12881037527908,0.297874085662239
