"","FP_Intercept","FP_ext_age_m_2","FP_ext_age_m_1"
"FP_Intercept",0.0090972318441631,0.378753326119008,-0.129345161239995
"FP_ext_age_m_2",0.378753326119008,17.8547257473453,-5.78417275778315
"FP_ext_age_m_1",-0.129345161239995,-5.78417275778315,1.92521150342319
