"","FP_Intercept","FP_int_age_m_2","FP_int_age_m_0_5"
"FP_Intercept",0.0222230959148884,0.303055820374214,-0.0809681499456023
"FP_int_age_m_2",0.303055820374214,4.6893477818655,-1.14260704114192
"FP_int_age_m_0_5",-0.0809681499456023,-1.14260704114192,0.298717162472547
